row,profession.index,heading.index,level.index,content.index,profession,level,grade,heading,sub-heading,content
1,3,1,1,1,Government Social Research,Research Officer,HEO,Technical Skills,"Knowledge of research methods, techniques & application of these in small scale research projects ","Knowledge of research and analytical methodologies and ability to demonstrate practical application of both qualitative and quantitative approaches through project based work; for example, a suitable level of experience would be that obtained from obtaining a 1st or 2:1 degree or a postgraduate qualification in a social science discipline, that includes a substantial element of social research methods and training "
2,3,1,1,2,Government Social Research,Research Officer,HEO,Technical Skills,"Knowledge of research methods, techniques & application of these in small scale research projects ","Working knowledge of a range of research methods and an awareness of new innovative methods, including within the data science field. "
3,3,1,1,3,Government Social Research,Research Officer,HEO,Technical Skills,"Knowledge of research methods, techniques & application of these in small scale research projects ","Broad awareness of the role of quantitative and qualitative social research methods and their application, i.e., knowing when their application is appropriate and when it is not "
4,3,1,1,4,Government Social Research,Research Officer,HEO,Technical Skills,"Knowledge of research methods, techniques & application of these in small scale research projects ",Uses both qualitative and quantitative approaches to undertake small in-house pieces of work while under supervision 
5,3,1,1,5,Government Social Research,Research Officer,HEO,Technical Skills,"Knowledge of research methods, techniques & application of these in small scale research projects ",Carries out analytical tasks under directions 
6,3,1,1,6,Government Social Research,Research Officer,HEO,Technical Skills,"Knowledge of research methods, techniques & application of these in small scale research projects ",Prepares accurate statistics 
7,3,1,1,1,Government Social Research,Research Officer,HEO,Technical Skills,"Identifying research needs, designing & specifying research ",Designs small scale and less complex research projects for either in-house or commissioned projects; understands how to get things done in the Civil Service 
8,3,1,1,2,Government Social Research,Research Officer,HEO,Technical Skills,"Identifying research needs, designing & specifying research ",Helps line manager identify areas for new research 
9,3,1,1,3,Government Social Research,Research Officer,HEO,Technical Skills,"Identifying research needs, designing & specifying research ",Writes and designs draft research specifications for less complex projects 
10,3,1,1,4,Government Social Research,Research Officer,HEO,Technical Skills,"Identifying research needs, designing & specifying research ","Defines research questions, and re-defines where necessary "
11,3,1,1,1,Government Social Research,Research Officer,HEO,Technical Skills,Analysis & interpretation ,Makes use of different sources of information and carries out basic analysis of key data sets by producing frequencies and cross tabulations; interprets the key findings from this 
12,3,1,1,2,Government Social Research,Research Officer,HEO,Technical Skills,Analysis & interpretation ,Uses computer software in the analysis and presentation of information 
13,3,1,1,3,Government Social Research,Research Officer,HEO,Technical Skills,Analysis & interpretation ,"Working knowledge of relevant data analysis packages, particularly SPSS and Excel, and qualitative packages. Packages to be determined by the particular role and job content "
14,3,1,1,4,Government Social Research,Research Officer,HEO,Technical Skills,Analysis & interpretation ,Introductory level knowledge of data science techniques 
15,3,1,1,5,Government Social Research,Research Officer,HEO,Technical Skills,Analysis & interpretation ,"Accurately interprets data (verbal & numerical) and research papers, for example, makes an accurate interpretation of the key findings from a literature search "
16,3,1,1,6,Government Social Research,Research Officer,HEO,Technical Skills,Analysis & interpretation ,Summarises verbally and numerically expressed research information accurately 
17,3,1,1,1,Government Social Research,Research Officer,HEO,Technical Skills,Managing & commissioning social research ,Aware of key departmental procurement procedures 
18,3,1,1,2,Government Social Research,Research Officer,HEO,Technical Skills,Managing & commissioning social research ,Judges accurately the merits of less complex research tenders 
19,3,1,1,3,Government Social Research,Research Officer,HEO,Technical Skills,Managing & commissioning social research ,Supports team members in managing more complex external research projects 
20,3,1,1,4,Government Social Research,Research Officer,HEO,Technical Skills,Managing & commissioning social research ,"Working knowledge of ethical issues in research; knowledge of GSR principles on research ethics and SRA's guidance; with support, is able to apply these when developing appropriate solutions/ proposals "
21,3,1,1,5,Government Social Research,Research Officer,HEO,Technical Skills,Managing & commissioning social research ,"Working knowledge of legal requirements surrounding research, particularly data protection and the Freedom of Information Act; knows when to seek further support "
22,3,1,1,6,Government Social Research,Research Officer,HEO,Technical Skills,Managing & commissioning social research ,Sensitive to legal requirements that may surround particular departmental research agenda; knows when to seek further support 
23,3,1,1,7,Government Social Research,Research Officer,HEO,Technical Skills,Managing & commissioning social research ,"Demonstrates attention to detail in checking information/evidence for accuracy and validity, for example, checking an interim research report from a contractor "
24,3,1,1,8,Government Social Research,Research Officer,HEO,Technical Skills,Managing & commissioning social research ,Critically assesses research findings against an established standard or specification 
25,3,1,1,9,Government Social Research,Research Officer,HEO,Technical Skills,Managing & commissioning social research ,"Uses logic to evaluate new ideas and alternatives, for example, critically assesses new hypotheses or new methodologies "
26,3,1,1,10,Government Social Research,Research Officer,HEO,Technical Skills,Managing & commissioning social research ,"Has knowledge of quality assurance methodologies required for analytical work and understands the context and relevance of quality assurance products, such as the Aqua Book "
27,3,1,1,1,Government Social Research,Research Officer,HEO,Technical Skills,Summary,"Has good knowledge of research methodology, methods, and the latest techniques (i.e. demonstrated through qualifications and/or experience) and ability to apply these in small scale research projects "
28,3,1,1,2,Government Social Research,Research Officer,HEO,Technical Skills,Summary,"Able to design small scale and less complex research projects, defining research questions and writing draft specifications "
29,3,1,1,3,Government Social Research,Research Officer,HEO,Technical Skills,Summary,"Able to summarise and interpret information accurately, making use of different sources and to conduct basic analyses of key data sets utilising a working knowledge of relevant data analysis packages "
30,3,1,1,4,Government Social Research,Research Officer,HEO,Technical Skills,Summary,"Has good working knowledge of departmental procurement procedures, quality assurance processes, legal and ethical issues and principles relating to social research. Uses ability to critically assess and evaluate information and evidence, to support team members in managing more complex external research projects (judging merits of research tenders, assessing research findings, evaluating new ideas or methodologies) "
31,3,2,1,1,Government Social Research,Research Officer,HEO,Using and Promoting Social Research,"Leading, communicating and championing social research ",Contributing to the wider GSR network 
32,3,2,1,2,Government Social Research,Research Officer,HEO,Using and Promoting Social Research,"Leading, communicating and championing social research ",Works with other social researchers and/or analysts 
33,3,2,1,3,Government Social Research,Research Officer,HEO,Using and Promoting Social Research,"Leading, communicating and championing social research ","Delivers appropriate and timely analysis to support policy making and policy implementation, seeking support from senior colleagues where appropriate "
34,3,2,1,4,Government Social Research,Research Officer,HEO,Using and Promoting Social Research,"Leading, communicating and championing social research ",Clear knowledge of the format and style required to report research results; able to report research information clearly in writing 
35,3,2,1,5,Government Social Research,Research Officer,HEO,Using and Promoting Social Research,"Leading, communicating and championing social research ","Persuades others to support the research process, for example, industry bodies to release necessary information or policy customers of the value of social research "
36,3,2,1,1,Government Social Research,Research Officer,HEO,Using and Promoting Social Research,Understanding government context ,"Knows when to consult with others, for example, with GSR colleagues, other analytical professions or policy colleagues "
37,3,2,1,2,Government Social Research,Research Officer,HEO,Using and Promoting Social Research,Understanding government context ,Uses the GSR network to increase awareness of cross cutting research possibilities 
38,3,2,1,3,Government Social Research,Research Officer,HEO,Using and Promoting Social Research,Understanding government context ,Understands the role and social research needs of policy divisions and can link that to own output 
39,3,2,1,4,Government Social Research,Research Officer,HEO,Using and Promoting Social Research,Understanding government context ,Tailors approach and frames research output in a way that is directly relevant to the customer's needs 
40,3,2,1,5,Government Social Research,Research Officer,HEO,Using and Promoting Social Research,Understanding government context ,Understands the policy context of own work 
41,3,2,1,1,Government Social Research,Research Officer,HEO,Using and Promoting Social Research,Learning & development ,Identify opportunities to expand knowledge and breadth of skills 
42,3,2,1,2,Government Social Research,Research Officer,HEO,Using and Promoting Social Research,Learning & development ,Commit time to learning and sharing knowledge with others around approaches to research 
43,3,2,1,1,Government Social Research,Research Officer,HEO,Using and Promoting Social Research,Summary,Persuades others to support the research process and works to increase awareness of cross cutting research possibilities 
44,3,2,1,2,Government Social Research,Research Officer,HEO,Using and Promoting Social Research,Summary,"Uses understanding of policy context to deliver appropriate and timely analysis and clear reporting of research results, tailored to customer needs "
45,3,2,1,3,Government Social Research,Research Officer,HEO,Using and Promoting Social Research,Summary,Actively supports and contributes to wider GSR community
46,3,1,2,1,Government Social Research,Senior Research Officer,SEO,Technical Skills,"Knowledge of research methods, techniques & application of these in more complex projects ",As Research Officer plus around two years successful applied experience of working in applied social research in which strong analytical skills have been clearly demonstrated. This can include work towards successful completion of a post graduate qualification with a strong research/research methods component 
47,3,1,2,2,Government Social Research,Senior Research Officer,SEO,Technical Skills,"Knowledge of research methods, techniques & application of these in more complex projects ","Thorough and detailed knowledge of the main quantitative, qualitative and evaluation research methods and experience of their use in more complex projects "
48,3,1,2,3,Government Social Research,Senior Research Officer,SEO,Technical Skills,"Knowledge of research methods, techniques & application of these in more complex projects ","Understands the pros and cons of different research methods so can advise, critique and make independent direct use of same "
49,3,1,2,4,Government Social Research,Senior Research Officer,SEO,Technical Skills,"Knowledge of research methods, techniques & application of these in more complex projects ",Uses a range of analytical techniques to carry out in-house analysis & briefing work 
50,3,1,2,5,Government Social Research,Senior Research Officer,SEO,Technical Skills,"Knowledge of research methods, techniques & application of these in more complex projects ",Up-to-date knowledge of methodological developments including the role of innovative methodologies; applies these methods when and where appropriate; makes use of appropriate new developments from other analytical professions and outside the Civil Service where relevant 
51,3,1,2,6,Government Social Research,Senior Research Officer,SEO,Technical Skills,"Knowledge of research methods, techniques & application of these in more complex projects ","Incorporates the latest techniques into their work where appropriate, and champions innovation and embraces new ways of working. "
52,3,1,2,7,Government Social Research,Senior Research Officer,SEO,Technical Skills,"Knowledge of research methods, techniques & application of these in more complex projects ",Good knowledge & application of analytical techniques to address key questions 
53,3,1,2,8,Government Social Research,Senior Research Officer,SEO,Technical Skills,"Knowledge of research methods, techniques & application of these in more complex projects ",Assesses the suitability for purpose of alternative research methods 
54,3,1,2,9,Government Social Research,Senior Research Officer,SEO,Technical Skills,"Knowledge of research methods, techniques & application of these in more complex projects ","Brings a fresh approach to devising research methods, for example, designing questionnaires, modifying a methodology "
55,3,1,2,10,Government Social Research,Senior Research Officer,SEO,Technical Skills,"Knowledge of research methods, techniques & application of these in more complex projects ",Generates imaginative and useful hypotheses which can be tested 
56,3,1,2,1,Government Social Research,Senior Research Officer,SEO,Technical Skills,"Identifying research needs, designing & specifying research ",Draws upon a track record of designing medium sized or more complex projects to translate a policy question into a viable research specification or in-house project 
57,3,1,2,2,Government Social Research,Senior Research Officer,SEO,Technical Skills,"Identifying research needs, designing & specifying research ","Meets the social research needs of several divisions and areas, for example, through consulting with other stakeholders and analysts at an early stage, clarifying objectives and setting deliverable goals "
58,3,1,2,3,Government Social Research,Senior Research Officer,SEO,Technical Skills,"Identifying research needs, designing & specifying research ",Clarifies and agrees research objectives and outputs 
59,3,1,2,4,Government Social Research,Senior Research Officer,SEO,Technical Skills,"Identifying research needs, designing & specifying research ","Translates broad projects aims into researchable questions, for example, turns policy requirements into well designed research specifications "
60,3,1,2,5,Government Social Research,Senior Research Officer,SEO,Technical Skills,"Identifying research needs, designing & specifying research ",Accurately identifies where there are gaps in the evidence base and makes sound recommendations for how this can be managed 
61,3,1,2,6,Government Social Research,Senior Research Officer,SEO,Technical Skills,"Identifying research needs, designing & specifying research ",Reframes a vague or unhelpful research question to one that can provide outputs that meets the customer’s needs 
62,3,1,2,7,Government Social Research,Senior Research Officer,SEO,Technical Skills,"Identifying research needs, designing & specifying research ",Incorporates best practice guidance into research specification and management
63,3,1,2,1,Government Social Research,Senior Research Officer,SEO,Technical Skills,Analysis & interpretation ,Weighs up competing sources of data and identifies a clear line to take 
64,3,1,2,2,Government Social Research,Senior Research Officer,SEO,Technical Skills,Analysis & interpretation ,Assesses relevance of research information to the task in hand 
65,3,1,2,3,Government Social Research,Senior Research Officer,SEO,Technical Skills,Analysis & interpretation ,"Identifies salient points and trends from research or other information and draws out sound, logical inferences, for example, picks out key messages from dense data sets "
66,3,1,2,1,Government Social Research,Senior Research Officer,SEO,Technical Skills,Managing & commissioning social research ,"Experience also of having had direct responsibility for management of commissioned research or for undertaking social or other relevant research projects of a significant scale. The above also needs to include some experience of having worked with other analysts, for example, economists, statisticians "
67,3,1,2,2,Government Social Research,Senior Research Officer,SEO,Technical Skills,Managing & commissioning social research ,"Specifies, commissions and manages research projects; works within agreed budgets "
68,3,1,2,3,Government Social Research,Senior Research Officer,SEO,Technical Skills,Managing & commissioning social research ,"Understands the basics of research planning, including bidding timetables, thinking ahead and liaising with policy divisions "
69,3,1,2,4,Government Social Research,Senior Research Officer,SEO,Technical Skills,Managing & commissioning social research ,Assesses whether a contractor’s report is based on a sound approach and robust analysis 
70,3,1,2,5,Government Social Research,Senior Research Officer,SEO,Technical Skills,Managing & commissioning social research ,"As RO but for more complex projects. Overall an ability to manage independently the entire procurement process for all but the most complex projects, including budgetary requirements "
71,3,1,2,6,Government Social Research,Senior Research Officer,SEO,Technical Skills,Managing & commissioning social research ,Takes responsibility and action to ensure that the legal and ethical compliance needs of research projects are met; Knows when to seek further support on legal or ethical issues 
72,3,1,2,7,Government Social Research,Senior Research Officer,SEO,Technical Skills,Managing & commissioning social research ,"Liaises successfully with ethics committees, and other monitoring/ compliance committees, for particular projects "
73,3,1,2,8,Government Social Research,Senior Research Officer,SEO,Technical Skills,Managing & commissioning social research ,Applies GDPR principles where appropriate to particular projects 
74,3,1,2,9,Government Social Research,Senior Research Officer,SEO,Technical Skills,Managing & commissioning social research ,Manages research processes and contractors so ensuring quality of results and methodological rigour 
75,3,1,2,10,Government Social Research,Senior Research Officer,SEO,Technical Skills,Managing & commissioning social research ,"Has knowledge of, and incorporates quality assurance processes within all analytical work, making use of relevant quality assurance products, such as the Aqua Book "
76,3,1,2,11,Government Social Research,Senior Research Officer,SEO,Technical Skills,Managing & commissioning social research ,Monitors and reviews performance and progress of research contractors and anticipates necessary action
77,3,1,2,4,Government Social Research,Senior Research Officer,SEO,Technical Skills,Summary,"Demonstrates a thorough knowledge of research methodology, method, and the latest techniques, including main quantitative, qualitative and evaluation methods (at e.g. post graduate level) with around two years applied experience. Is up to date with methodological developments. "
78,3,1,2,5,Government Social Research,Senior Research Officer,SEO,Technical Skills,Summary,"Holds a track record of designing medium scale or more complex projects, applying best practice guidance, identifying new areas for work, translating policy requirements into robust specifications that will meet customer needs "
79,3,1,2,6,Government Social Research,Senior Research Officer,SEO,Technical Skills,Summary,"Able to accurately evaluate competing data sources and identify salient points and trends to draw sound, logical inferences "
80,3,1,2,7,Government Social Research,Senior Research Officer,SEO,Technical Skills,Summary,"Has experience of managing research projects of significant scale, working with other analysts and ensuring relevant legal, ethical, procurement, and quality assurance practice followed, ensuring quality of results and methodological rigour "
81,3,2,2,1,Government Social Research,Senior Research Officer,SEO,Using and Promoting Social Research,"Leading, communicating and championing social research ",Seen as a knowledgeable voice (e.g. helping others understand what social research can achieve) 
82,3,2,2,2,Government Social Research,Senior Research Officer,SEO,Using and Promoting Social Research,"Leading, communicating and championing social research ",May support other social researchers 
83,3,2,2,3,Government Social Research,Senior Research Officer,SEO,Using and Promoting Social Research,"Leading, communicating and championing social research ",Delivers appropriate and timely analysis to support policy making and policy implementation 
84,3,2,2,4,Government Social Research,Senior Research Officer,SEO,Using and Promoting Social Research,"Leading, communicating and championing social research ",Communicates written and oral information clearly; avoids unnecessary use of jargon and technical terms 
85,3,2,2,5,Government Social Research,Senior Research Officer,SEO,Using and Promoting Social Research,"Leading, communicating and championing social research ",Accurately and thoroughly evaluates complex information for the purposes of advice or recommendation; does so in a timely fashion 
86,3,2,2,6,Government Social Research,Senior Research Officer,SEO,Using and Promoting Social Research,"Leading, communicating and championing social research ",Communicates professional judgements regarding the application of social research methods; defends position/viewpoint in the face of opposition or challenge 
87,3,2,2,7,Government Social Research,Senior Research Officer,SEO,Using and Promoting Social Research,"Leading, communicating and championing social research ","Helps customers make full use out of available social research evidence, even when it is not perfect "
88,3,2,2,8,Government Social Research,Senior Research Officer,SEO,Using and Promoting Social Research,"Leading, communicating and championing social research ",Able to stimulate interest in social research and its applications; persuades others such as senior civil servants of the value of social research to the policy process 
89,3,2,2,9,Government Social Research,Senior Research Officer,SEO,Using and Promoting Social Research,"Leading, communicating and championing social research ",Able to reassure colleagues on social research issues 
90,3,2,2,10,Government Social Research,Senior Research Officer,SEO,Using and Promoting Social Research,"Leading, communicating and championing social research ",Contributes effectively to research steering groups and advisory boards 
91,3,2,2,1,Government Social Research,Senior Research Officer,SEO,Using and Promoting Social Research,Understanding government context ,Makes use of the GSR network to explore opportunities for cross cutting research 
92,3,2,2,2,Government Social Research,Senior Research Officer,SEO,Using and Promoting Social Research,Understanding government context ,Develops effective communication links with other social researchers to provide appropriate collaborative support to the policy process 
93,3,2,2,3,Government Social Research,Senior Research Officer,SEO,Using and Promoting Social Research,Understanding government context ,"Looks beneath the surface of a request for advice or a piece of research, thinks laterally and explores different angles critically and analytically "
94,3,2,2,4,Government Social Research,Senior Research Officer,SEO,Using and Promoting Social Research,Understanding government context ,Demonstrates sufficient technical ‘authority’ by taking the lead in recommending solutions to fill strategic gaps 
95,3,2,2,5,Government Social Research,Senior Research Officer,SEO,Using and Promoting Social Research,Understanding government context ,"Conducts a risk analysis of an evidence base to ensure advice is sound, for example, understands the trade-offs in balancing quality and timing of - project delivery "
96,3,2,2,1,Government Social Research,Senior Research Officer,SEO,Using and Promoting Social Research,Learning & development ,Proactively identifies and expands knowledge and breadth of experience where professional skills are less developed. Commits time to learning and sharing knowledge with others around new techniques and innovative methods 
97,3,2,2,1,Government Social Research,Senior Research Officer,SEO,Using and Promoting Social Research,Summary,"Communicates analysis of complex information clearly, helping others make good use of social research evidence, even where this is not perfect "
98,3,2,2,2,Government Social Research,Senior Research Officer,SEO,Using and Promoting Social Research,Summary,Stimulates interest in social research and contributes effectively to internal and external research projects 
99,3,2,2,3,Government Social Research,Senior Research Officer,SEO,Using and Promoting Social Research,Summary,"Understands policy context and timescales, explaining different angles critically and analytically, works with other analysts to best meet customer needs "
100,3,2,2,4,Government Social Research,Senior Research Officer,SEO,Using and Promoting Social Research,Summary,Provides expertise and shapes expectations and needs through educating others on social research 
101,3,1,3,1,Government Social Research,Principal Research Officer,Grade 7,Technical Skills,"Knowledge of research methods, techniques & application of these","As for Senior Research Officer, plus established track record (around three/three plus years) in designing, carrying out or managing social research, and providing research based advice and briefings "
102,3,1,3,2,Government Social Research,Principal Research Officer,Grade 7,Technical Skills,"Knowledge of research methods, techniques & application of these",Established track record of developing and managing research projects employing the full range of research methods 
103,3,1,3,3,Government Social Research,Principal Research Officer,Grade 7,Technical Skills,"Knowledge of research methods, techniques & application of these","Has used or actively considered the use of the latest methods in recent projects, as appropriate "
104,3,1,3,4,Government Social Research,Principal Research Officer,Grade 7,Technical Skills,"Knowledge of research methods, techniques & application of these",Supports SROs/ROs on selection of methods and can deal with more complex problems without detailed knowledge of project 
105,3,1,3,5,Government Social Research,Principal Research Officer,Grade 7,Technical Skills,"Knowledge of research methods, techniques & application of these","Provides an overview of research methods for a wide portfolio of projects, and provides a supervisory/ sounding board for team leaders where appropriate "
106,3,1,3,1,Government Social Research,Principal Research Officer,Grade 7,Technical Skills,"Identifying research needs, designing & specifying research ",Sets out clear research objectives and expected outcomes; defines key delivery objectives for staff / department 
107,3,1,3,2,Government Social Research,Principal Research Officer,Grade 7,Technical Skills,"Identifying research needs, designing & specifying research ","Thinks around a problem; reframes it; questions assumptions, for example, able to reframe a research question to maximise assistance to customer "
108,3,1,3,3,Government Social Research,Principal Research Officer,Grade 7,Technical Skills,"Identifying research needs, designing & specifying research ","Looks beyond immediate issue – identifies trends, areas for further research or analysis, links "
109,3,1,3,4,Government Social Research,Principal Research Officer,Grade 7,Technical Skills,"Identifying research needs, designing & specifying research ",Proactive in helping policy divisions and directorates identify their information needs and evidence gaps; translates unfocussed requests and ideas into effective research designs 
110,3,1,3,1,Government Social Research,Principal Research Officer,Grade 7,Technical Skills,Analysis & interpretation ,Provides and supervises briefing activity based on analytical work 
111,3,1,3,2,Government Social Research,Principal Research Officer,Grade 7,Technical Skills,Analysis & interpretation ,"Reports complex and often conflicting research information to senior non-specialists/customers; assists them to isolate key facts, discern trends and draw implications "
112,3,1,3,3,Government Social Research,Principal Research Officer,Grade 7,Technical Skills,Analysis & interpretation ,Evaluates and integrates research information from a variety of sources to come to logical conclusions
113,3,1,3,1,Government Social Research,Principal Research Officer,Grade 7,Technical Skills,Managing & commissioning social research ,Understands and can work within the budgetary requirements at the research project level 
114,3,1,3,2,Government Social Research,Principal Research Officer,Grade 7,Technical Skills,Managing & commissioning social research ,"As SRO but can draw upon more extensive experience of research procurement, contractor and financial management "
115,3,1,3,3,Government Social Research,Principal Research Officer,Grade 7,Technical Skills,Managing & commissioning social research ,"Promotes multi -disciplinary working ; understands what other analysts can contribute (for example, economists, statisticians) and how their own (& own team’s) work fits in "
116,3,1,3,4,Government Social Research,Principal Research Officer,Grade 7,Technical Skills,Managing & commissioning social research ,Supports RO’s and SRO’s in resolving legal and or ethical issues 
117,3,1,3,5,Government Social Research,Principal Research Officer,Grade 7,Technical Skills,Managing & commissioning social research ,"As SRO, but with an overview knowledge to apply to multiple, or complex, or potentially controversial or high profile projects "
118,3,1,3,6,Government Social Research,Principal Research Officer,Grade 7,Technical Skills,Managing & commissioning social research ,"Manages quality and product assurance issues on projects, developing quality and product assurance requirements with customers and analysts prior to projects commencing. "
119,3,1,3,1,Government Social Research,Principal Research Officer,Grade 7,Technical Skills,Summary,"Holds an established track record (around three/three plus years) in designing, carrying out and managing social research, and providing research based advice and briefings "
120,3,1,3,2,Government Social Research,Principal Research Officer,Grade 7,Technical Skills,Summary,Applies understanding of customer needs and ability to see bigger picture to identify research needs and evidence gaps and to deliver effective research designs to meet these needs 
121,3,1,3,3,Government Social Research,Principal Research Officer,Grade 7,Technical Skills,Summary,"Evaluates and integrates research information from a variety of sources, coming to logical conclusions and communicating this effectively to senior non-specialists, assisting them to take on key findings and implications "
122,3,1,3,4,Government Social Research,Principal Research Officer,Grade 7,Technical Skills,Summary,"Has strong research commissioning and management experience and ability to develop research coordination strategy, understanding contribution of other analytical professions Principal Research Officer: Using & Promoting Social Research"
123,3,2,3,1,Government Social Research,Principal Research Officer,Grade 7,Using and Promoting Social Research,"Leading, communicating and championing social research ",Manages and supports other social researchers through their career 
124,3,2,3,2,Government Social Research,Principal Research Officer,Grade 7,Using and Promoting Social Research,"Leading, communicating and championing social research ","Draws upon extensive experience of the design, development, commissioning and management of projects and in-house analytical activity to ensure appropriate social research input to policy decisions "
125,3,2,3,3,Government Social Research,Principal Research Officer,Grade 7,Using and Promoting Social Research,"Leading, communicating and championing social research ",Ensures the provision of appropriate and timely analysis to support policy making and policy implementation 
126,3,2,3,4,Government Social Research,Principal Research Officer,Grade 7,Using and Promoting Social Research,"Leading, communicating and championing social research ",Makes objective and timely decisions based on best available evidence and sound analysis 
127,3,2,3,5,Government Social Research,Principal Research Officer,Grade 7,Using and Promoting Social Research,"Leading, communicating and championing social research ","Uses evidence-based arguments, even when under pressure "
128,3,2,3,6,Government Social Research,Principal Research Officer,Grade 7,Using and Promoting Social Research,"Leading, communicating and championing social research ",Gets to the heart of an issue; subjects information to a thorough analysis to ensure high quality decisions and recommendations 
129,3,2,3,7,Government Social Research,Principal Research Officer,Grade 7,Using and Promoting Social Research,"Leading, communicating and championing social research ","Provides impartial and balanced advice, using sound application of knowledge and expertise; for example, communicates understanding of policy realities, but still represents social research evidence "
130,3,2,3,8,Government Social Research,Principal Research Officer,Grade 7,Using and Promoting Social Research,"Leading, communicating and championing social research ",Shapes customers' expectations and needs by educating them about what social research can achieve 
131,3,2,3,9,Government Social Research,Principal Research Officer,Grade 7,Using and Promoting Social Research,"Leading, communicating and championing social research ",Is an enthusiastic advocate of social research; can sell an idea or argument 
132,3,2,3,10,Government Social Research,Principal Research Officer,Grade 7,Using and Promoting Social Research,"Leading, communicating and championing social research ",Raises the level of debate by encouraging greater co-operation and communication between researchers across the department and further afield; provides links between academic and GSR colleagues 
133,3,2,3,11,Government Social Research,Principal Research Officer,Grade 7,Using and Promoting Social Research,"Leading, communicating and championing social research ","Encourages, coaches and supports others to adopt the latest social research methods and data science techniques into their work "
134,3,2,3,1,Government Social Research,Principal Research Officer,Grade 7,Using and Promoting Social Research,Understanding government context ,Works in partnership with other analysts and departments to achieve joint customer goals 
135,3,2,3,2,Government Social Research,Principal Research Officer,Grade 7,Using and Promoting Social Research,Understanding government context ,Co-operates and works well with others in the pursuit of social research goals 
136,3,2,3,3,Government Social Research,Principal Research Officer,Grade 7,Using and Promoting Social Research,Understanding government context ,Uses the GSR network effectively to actively pursue options for cross cutting research 
137,3,2,3,4,Government Social Research,Principal Research Officer,Grade 7,Using and Promoting Social Research,Understanding government context ,Identifies gaps in the social research evidence base that relates to key policy objectives and suggests methodologically robust ways to fill them 
138,3,2,3,5,Government Social Research,Principal Research Officer,Grade 7,Using and Promoting Social Research,Understanding government context ,Takes considered risks and assesses and manages the risks; is not deterred by incomplete or inconclusive data 
139,3,2,3,6,Government Social Research,Principal Research Officer,Grade 7,Using and Promoting Social Research,Understanding government context ,"Takes the lead on a number of ‘technical’ matters within the wider GSR/ analytical community, for example, this could be methodological or evidence base "
140,3,2,3,1,Government Social Research,Principal Research Officer,Grade 7,Using and Promoting Social Research,Learning & development ,"Is proactive in keeping abreast of new methodological and technical developments, how they might be used within department in different policy contexts "
141,3,2,3,1,Government Social Research,Principal Research Officer,Grade 7,Using and Promoting Social Research,Summary,"Able to communicate understanding of policy realities while clearly and accurately presenting social research evidence, ensuring appropriate social research input to policy decisions "
142,3,2,3,2,Government Social Research,Principal Research Officer,Grade 7,Using and Promoting Social Research,Summary,"Works in partnership with other analysts within and outside government, and across departments to achieve high quality, robust and relevant input "
143,3,2,3,3,Government Social Research,Principal Research Officer,Grade 7,Using and Promoting Social Research,Summary,"Is an advocate for social research, educates others about social research, and so shapes customer expectations and needs "
144,3,2,3,4,Government Social Research,Principal Research Officer,Grade 7,Using and Promoting Social Research,Summary,"Keeps abreast of new methodological developments, how they might be used within departments and in different policy contexts "
145,3,2,3,5,Government Social Research,Principal Research Officer,Grade 7,Using and Promoting Social Research,Summary,Demonstrates positive management of analysts 
146,3,1,4,1,Government Social Research,Senior Principal Research Officer,Grade 6,Technical Skills,"Knowledge of research methods, techniques, & application of these ",As Principal Research Officer plus strong track record in designing and managing a portfolio of high profile and complex projects and providing detailed research-based advice and briefings 
147,3,1,4,2,Government Social Research,Senior Principal Research Officer,Grade 6,Technical Skills,"Knowledge of research methods, techniques, & application of these ","Provides an overview of research methods for a wide portfolio of projects, and provides a supervisory/ sounding board for team leaders where appropriate "
148,3,1,4,1,Government Social Research,Senior Principal Research Officer,Grade 6,Technical Skills,"Identifying research needs, designing & specifying research ",Effectively challenges and shapes research practices where appropriate 
149,3,1,4,2,Government Social Research,Senior Principal Research Officer,Grade 6,Technical Skills,"Identifying research needs, designing & specifying research ",Actively encourages the use of innovative research methods and analytical techniques among team members to deliver results to complex questions 
150,3,1,4,1,Government Social Research,Senior Principal Research Officer,Grade 6,Technical Skills,Analysis & interpretation ,Actively explores different perspectives when evaluating data; consults widely to inform this process 
151,3,1,4,1,Government Social Research,Senior Principal Research Officer,Grade 6,Technical Skills,Managing & commissioning social research ,Makes use of an established track record in research formulation at the overall programme level 
152,3,1,4,2,Government Social Research,Senior Principal Research Officer,Grade 6,Technical Skills,Managing & commissioning social research ,Develops social research ethics framework and ensures appropriate support for departments 
153,3,1,4,3,Government Social Research,Senior Principal Research Officer,Grade 6,Technical Skills,Managing & commissioning social research ,"Manages quality and product assurance issues on projects, developing quality and product assurance requirements with customers and analysts prior to projects commencing, escalating issues to stakeholders and external experts as appropriate "
154,3,1,4,1,Government Social Research,Senior Principal Research Officer,Grade 6,Technical Skills,Summary,"Applies knowledge to high profile and complex projects, providing a supervisory / sounding board for team leaders where appropriate "
155,3,1,4,2,Government Social Research,Senior Principal Research Officer,Grade 6,Technical Skills,Summary,Improves identification of research need and ability of research work to meet this through effective challenge and promotion of innovative methods and techniques 
156,3,1,4,3,Government Social Research,Senior Principal Research Officer,Grade 6,Technical Skills,Summary,Actively explores different perspectives when evaluating data; consults widely to inform this process 
157,3,1,4,4,Government Social Research,Senior Principal Research Officer,Grade 6,Technical Skills,Summary,Makes use of an established track record in research formulation at the overall programme level
158,3,2,4,1,Government Social Research,Senior Principal Research Officer,Grade 6,Using and Promoting Social Research,"Leading, communicating and championing social research ",Provides leadership to social researchers and possibly other analysts 
159,3,2,4,2,Government Social Research,Senior Principal Research Officer,Grade 6,Using and Promoting Social Research,"Leading, communicating and championing social research ",Makes timely and objective decisions based on best available evidence and sound analysis 
160,3,2,4,3,Government Social Research,Senior Principal Research Officer,Grade 6,Using and Promoting Social Research,"Leading, communicating and championing social research ",Makes accurate use of logic and draws sound inferences from available information and helps others to do the same work 
161,3,2,4,4,Government Social Research,Senior Principal Research Officer,Grade 6,Using and Promoting Social Research,"Leading, communicating and championing social research ","Defines the need for high quality research, for example, to support policy formulation "
162,3,2,4,5,Government Social Research,Senior Principal Research Officer,Grade 6,Using and Promoting Social Research,"Leading, communicating and championing social research ","Actively builds, shapes and contributes to the wider GSR network; establishes a network of contacts with others who value social research; actively explores and identifies where shared interests with others may lie "
163,3,2,4,6,Government Social Research,Senior Principal Research Officer,Grade 6,Using and Promoting Social Research,"Leading, communicating and championing social research ",Facilitates discussions and advocates use of social research evidence at a strategic level to internal and external stakeholders 
164,3,2,4,7,Government Social Research,Senior Principal Research Officer,Grade 6,Using and Promoting Social Research,"Leading, communicating and championing social research ",Seeks and makes appropriate use of opportunities to sell the value of social research 
165,3,2,4,8,Government Social Research,Senior Principal Research Officer,Grade 6,Using and Promoting Social Research,"Leading, communicating and championing social research ","Prepared to defend and sell the value of social research, even in a high-profile situation, for example, make a successful case to superiors for more resources or support "
166,3,2,4,9,Government Social Research,Senior Principal Research Officer,Grade 6,Using and Promoting Social Research,"Leading, communicating and championing social research ",Acts to raise the profile of SR outside the team and department 
167,3,2,4,10,Government Social Research,Senior Principal Research Officer,Grade 6,Using and Promoting Social Research,"Leading, communicating and championing social research ","Develops a research strategy; defends and defines the research programme, including budget increases "
168,3,2,4,1,Government Social Research,Senior Principal Research Officer,Grade 6,Using and Promoting Social Research,Understanding government context ,Understands the different contributions of analytical disciplines and frames research to make use of this 
169,3,2,4,2,Government Social Research,Senior Principal Research Officer,Grade 6,Using and Promoting Social Research,Understanding government context ,Takes account of different analytical functions in developing research plans; good cross functional awareness 
170,3,2,4,3,Government Social Research,Senior Principal Research Officer,Grade 6,Using and Promoting Social Research,Understanding government context ,Engages with research contractors to ensure that working practices and relationships facilitate the delivery of high-quality work 
171,3,2,4,4,Government Social Research,Senior Principal Research Officer,Grade 6,Using and Promoting Social Research,Understanding government context ,Works with other analysts and stakeholders to negotiate priorities within the overall work programme 
172,3,2,4,5,Government Social Research,Senior Principal Research Officer,Grade 6,Using and Promoting Social Research,Understanding government context ,Regularly reviews programmes of work with research and policy colleagues to ensure that they are closely aligned with customers' strategic objectives 
173,3,2,4,6,Government Social Research,Senior Principal Research Officer,Grade 6,Using and Promoting Social Research,Understanding government context ,Develops research strategy that is directly relevant to policy needs of department/division; links this with budget planning 
174,3,2,4,1,Government Social Research,Senior Principal Research Officer,Grade 6,Using and Promoting Social Research,Learning & development ,"Provides challenge, encourages and supports staff to consider new and innovative methods in social research, including (but not limited to) methods related to evaluation, quality assurance, and data science "
175,3,2,4,1,Government Social Research,Senior Principal Research Officer,Grade 6,Using and Promoting Social Research,Summary,"Makes timely and objective decisions, based on best available evidence and sound analysis and helps others to draw sound inferences from information "
176,3,2,4,2,Government Social Research,Senior Principal Research Officer,Grade 6,Using and Promoting Social Research,Summary,Encourages staff to consider new and innovative methods in social research and evaluation 
177,3,2,4,3,Government Social Research,Senior Principal Research Officer,Grade 6,Using and Promoting Social Research,Summary,"Advocates use of social research at the strategic level, developing research strategies, actively exploring and identifying shared interests "
178,3,2,4,4,Government Social Research,Senior Principal Research Officer,Grade 6,Using and Promoting Social Research,Summary,Ensures programmes of work are closely aligned with customers’ strategic objectives
179,3,1,5,1,Government Social Research,Chief Research Officer,Grade 5,Technical Skills,"Knowledge development, evaluating approaches, upholding standards, providing support to researchers and the broader profession ","Keeps abreast of critical methodological developments within social research and other government analytical professions, identifies the value to the department, and across Whitehall, of new and innovative methods in social research, evaluation, quality assurance, and data science "
180,3,1,5,2,Government Social Research,Chief Research Officer,Grade 5,Technical Skills,"Knowledge development, evaluating approaches, upholding standards, providing support to researchers and the broader profession ",Critically evaluates the methodological rigour and value of a wide range of research and gives advice that reflects this assessment 
181,3,1,5,3,Government Social Research,Chief Research Officer,Grade 5,Technical Skills,"Knowledge development, evaluating approaches, upholding standards, providing support to researchers and the broader profession ","Provides active support and balanced advice to other social researchers and staff on a variety of technical, policy and research management issues, both on a one to one basis and through (inter)departmental groups and seminars "
182,3,1,5,4,Government Social Research,Chief Research Officer,Grade 5,Technical Skills,"Knowledge development, evaluating approaches, upholding standards, providing support to researchers and the broader profession ","Defines and promotes consistent standards of research and analysis, for example, sets the scientific and ethical standards for social research and ensures these are consistent with Whitehall / industry standards "
183,3,1,5,5,Government Social Research,Chief Research Officer,Grade 5,Technical Skills,"Knowledge development, evaluating approaches, upholding standards, providing support to researchers and the broader profession ",Decides whether a social research programme is fit for purpose 
184,3,1,5,6,Government Social Research,Chief Research Officer,Grade 5,Technical Skills,"Knowledge development, evaluating approaches, upholding standards, providing support to researchers and the broader profession ",Provides technical support to social researchers when they come under pressure; helps them to assess and manage risk 
185,3,1,5,7,Government Social Research,Chief Research Officer,Grade 5,Technical Skills,"Knowledge development, evaluating approaches, upholding standards, providing support to researchers and the broader profession ",Reviews the relevance of the existing evidence base across the programme area; anticipates future research needs and ensures evidence gaps are plugged 
186,3,1,5,8,Government Social Research,Chief Research Officer,Grade 5,Technical Skills,"Knowledge development, evaluating approaches, upholding standards, providing support to researchers and the broader profession ","Ensures that appropriate quality and product assurance processes are culturally embedded within the department and are monitored, consulting with stakeholders and external experts when required, from the beginning of the project until its completion "
187,3,1,5,5,Government Social Research,Chief Research Officer,Grade 5,Technical Skills,Summary,"Ensures high standards for social research, keeping abreast of methodological developments and identifying value to department and across Whitehall "
188,3,1,5,6,Government Social Research,Chief Research Officer,Grade 5,Technical Skills,Summary,Anticipates future needs based on understanding of evidence base 
189,3,1,5,7,Government Social Research,Chief Research Officer,Grade 5,Technical Skills,Summary,Gives advice based on critical evaluation of wide range of research
190,3,2,5,1,Government Social Research,Chief Research Officer,Grade 5,Using and Promoting Social Research,"Leading, communicating and championing social research ",Provides strategic leadership to multi-disciplinary teams 
191,3,2,5,2,Government Social Research,Chief Research Officer,Grade 5,Using and Promoting Social Research,"Leading, communicating and championing social research ","Helps customers and other analysts make important policy decisions through the provision of timely and sound social research advice/recommendations; ensures that the key themes and findings from complex social research programmes have been isolated and linked to important customer, policy and delivery concerns "
192,3,2,5,3,Government Social Research,Chief Research Officer,Grade 5,Using and Promoting Social Research,"Leading, communicating and championing social research ","Communicates accurately and in an engaging manner complex research findings to senior people and influential audiences in a variety of situations often with very little notice, for example, briefing a media audience with a short attention span; understands the impression that one creates in others and adjusts own style and content accordingly whilst being true to the research "
193,3,2,5,4,Government Social Research,Chief Research Officer,Grade 5,Using and Promoting Social Research,"Leading, communicating and championing social research ",Integrates information from a range of sources and analytical disciplines to give balanced politically aware advice that proactively informs policy and practice 
194,3,2,5,5,Government Social Research,Chief Research Officer,Grade 5,Using and Promoting Social Research,"Leading, communicating and championing social research ",Shares information and promotes discussion of evidence and its implications across the department and with stakeholders 
195,3,2,5,6,Government Social Research,Chief Research Officer,Grade 5,Using and Promoting Social Research,"Leading, communicating and championing social research ","Provides clear, succinct and accurate oral and written presentation of research/analysis results and links this content to policy/ political considerations and wider departmental strategy "
196,3,2,5,7,Government Social Research,Chief Research Officer,Grade 5,Using and Promoting Social Research,"Leading, communicating and championing social research ","Champions and fights for excellence in social research practices and application throughout the social research team, the department and wider Civil Service "
197,3,2,5,8,Government Social Research,Chief Research Officer,Grade 5,Using and Promoting Social Research,"Leading, communicating and championing social research ","Educates customers, shapes their expectations and influences the research requests they make; creates an ‘intelligent customer’; identifies and meets the strategic information needs of customers and partners, for example links the customer’s political and delivery priorities with social research findings; implements a strategy for building the customer base further "
198,3,2,5,9,Government Social Research,Chief Research Officer,Grade 5,Using and Promoting Social Research,"Leading, communicating and championing social research ","Is an authoritative voice on social research matters in both the civil service and outside institutions; is instrumental in raising the profile of social research within the department; pro-actively develops the ‘public role’ of government social research (e.g. serves on steering committees, furthers relationships with research councils; publishes in journals; encourages junior staff to do likewise) "
199,3,2,5,10,Government Social Research,Chief Research Officer,Grade 5,Using and Promoting Social Research,"Leading, communicating and championing social research ","Builds and maintains influential relationships with the ‘top of the office’, i.e., ministers, special advisers, senior members of own department; promotes and sells the value and unique contribution of social research to a diverse audience "
200,3,2,5,11,Government Social Research,Chief Research Officer,Grade 5,Using and Promoting Social Research,"Leading, communicating and championing social research ",Presents a compelling case for the value of social research to a wider audience; aligns policy and delivery with clear communications objectives and measurement criteria 
201,3,2,5,12,Government Social Research,Chief Research Officer,Grade 5,Using and Promoting Social Research,"Leading, communicating and championing social research ",Sets out vision/ future direction and sells unit's role and work to key stakeholders in the external analytical community 
202,3,2,5,13,Government Social Research,Chief Research Officer,Grade 5,Using and Promoting Social Research,"Leading, communicating and championing social research ","Promotes the value of social research to the department, the wider Civil Service and the outside world, e.g. ensuring a presence at conferences and in journals "
203,3,2,5,14,Government Social Research,Chief Research Officer,Grade 5,Using and Promoting Social Research,"Leading, communicating and championing social research ",Persuades customers and stakeholders to use social research in their key policy areas; ensures that the implications of important research becomes customer knowledge 
204,3,2,5,15,Government Social Research,Chief Research Officer,Grade 5,Using and Promoting Social Research,"Leading, communicating and championing social research ",Works with partners to identify customers and actively broaden the customer base; encourages other social researchers and analysts to do the same 
205,3,2,5,16,Government Social Research,Chief Research Officer,Grade 5,Using and Promoting Social Research,"Leading, communicating and championing social research ","Negotiates in pressured situations, for example, challenges the budgetary constraints of social research at the departmental level "
206,3,2,5,1,Government Social Research,Chief Research Officer,Grade 5,Using and Promoting Social Research,Understanding government context ,Makes use of different analytical disciplines and diverse talents to deliver results 
207,3,2,5,2,Government Social Research,Chief Research Officer,Grade 5,Using and Promoting Social Research,Understanding government context ,Facilitates and links the ideas and contributions from a range of analytical disciplines to generate robust solutions 
208,3,2,5,3,Government Social Research,Chief Research Officer,Grade 5,Using and Promoting Social Research,Understanding government context ,"Collaborates with other senior analysts and policy colleagues to develop a coherent and integrated research vision that reflects the contribution of each discipline, creates synergy and demonstrates excellent cross functional awareness "
209,3,2,5,4,Government Social Research,Chief Research Officer,Grade 5,Using and Promoting Social Research,Understanding government context ,Understands the implications of the latest research evidence for own policy areas; shares this information with key stakeholders and customers 
210,3,2,5,5,Government Social Research,Chief Research Officer,Grade 5,Using and Promoting Social Research,Understanding government context ,Anticipates customers' priorities; systematically ensures the unit's research capability and evidence base is relevant to the short term and strategic priorities of key customers 
211,3,2,5,6,Government Social Research,Chief Research Officer,Grade 5,Using and Promoting Social Research,Understanding government context ,Influences the customer's research priorities; internal dialogue and research agenda through asking them the right questions 
212,3,2,5,7,Government Social Research,Chief Research Officer,Grade 5,Using and Promoting Social Research,Understanding government context ,Acutely aware of the potential political implications for customers of the research and develops contingency plans on how to manage this 
213,3,2,5,8,Government Social Research,Chief Research Officer,Grade 5,Using and Promoting Social Research,Understanding government context ,Works in partnership with customers to develop policy/delivery action plans in light of research findings 
214,3,2,5,9,Government Social Research,Chief Research Officer,Grade 5,Using and Promoting Social Research,Understanding government context ,Keeps abreast of key developments within the department as well as in the wider internal and external research community 
215,3,2,5,10,Government Social Research,Chief Research Officer,Grade 5,Using and Promoting Social Research,Understanding government context ,"Proposes and defends a position taking into account political and organisational sensitivities even in challenging situations, for example, stands up to ministers on matters of research publication "
216,3,2,5,11,Government Social Research,Chief Research Officer,Grade 5,Using and Promoting Social Research,Understanding government context ,Sets out the policy and political consequences of research results so these wider implications are readily understood 
217,3,2,5,12,Government Social Research,Chief Research Officer,Grade 5,Using and Promoting Social Research,Understanding government context ,Quality assures the social research output conducted by the unit; proactively links output to the strategic needs of the department 
218,3,2,5,1,Government Social Research,Chief Research Officer,Grade 5,Using and Promoting Social Research,Learning & development ,Motivates staff by instilling professional integrity and high professional standards; encourages breadth and depth of research skills and knowledge and their application to effective delivery of policy 
219,3,2,5,2,Government Social Research,Chief Research Officer,Grade 5,Using and Promoting Social Research,Learning & development ,Actively promotes a work culture that encourages the use of innovative research methods and analytical techniques; challenges staff to consider new methods in social research and evaluation and how they can be applied to the policy delivery context 
220,3,2,5,3,Government Social Research,Chief Research Officer,Grade 5,Using and Promoting Social Research,Learning & development ,"Sets and promotes a learning and improving culture in the unit for all staff; ensures access and opportunities are equal across the unit, for example, considers training across analytical disciplines "
221,3,2,5,4,Government Social Research,Chief Research Officer,Grade 5,Using and Promoting Social Research,Learning & development ,Exposes staff to the wider professional community of social researchers and other analytical disciplines to facilitate learning 
222,3,2,5,5,Government Social Research,Chief Research Officer,Grade 5,Using and Promoting Social Research,Learning & development ,"Mediates effectively when there is a professional dispute, for example, on issues of methodology, or the use of social research evidence in a particular context; able to judge whether disputes are of critical importance and knows when to step in and when not to "
223,3,2,5,1,Government Social Research,Chief Research Officer,Grade 5,Using and Promoting Social Research,Summary,"Engagingly and accurately communicates relevant findings from complex research programmes to senior people and influential audiences, to give politically aware advice that informs policy and practice "
224,3,2,5,2,Government Social Research,Chief Research Officer,Grade 5,Using and Promoting Social Research,Summary,"Sets a learning culture for all staff, instilling professional integrity and high professional standards in line with the GSR code, encouraging breadth and depth in research skills including innovative methodologies and techniques and good understanding of other analytical disciplines "
225,3,2,5,3,Government Social Research,Chief Research Officer,Grade 5,Using and Promoting Social Research,Summary,"Demonstrates excellent cross functional awareness, making use of different analytical disciplines to deliver robust solutions, collaborating with senior analysts and policy colleagues to develop a coherent and integrated research vision that reflects the contribution of each analytical discipline and meets customer needs "
226,3,2,5,4,Government Social Research,Chief Research Officer,Grade 5,Using and Promoting Social Research,Summary,"Champions excellence in social research practices and application, creates intelligent customers and builds customer base, builds and maintains influential relationships with the ‘top of the office’ and key stakeholders outside government, presenting a compelling case for the value of social research. "
227,3,2,5,5,Government Social Research,Chief Research Officer,Grade 5,Using and Promoting Social Research,Summary,"Uses understanding of evidence base, policy area and customers priorities to influence research priorities. Ensures policy and political implications of research are understood and managed, develops policy / delivery action plans in partnership with customers and ensures research capability and evidence base is relevant to short term and strategic priorities of key customers "
228,3,2,5,6,Government Social Research,Chief Research Officer,Grade 5,Using and Promoting Social Research,Summary,Provides strategic leadership to further develop the social research profession and its role in the broader analytical community
